{"cameraMode":{"drawMode":0,"name":"Shaded","section":"Shading Mode"},"sceneLighting":false,"audioPlay":false,"sceneViewState":{"m_AlwaysRefresh":false,"showFog":false,"showSkybox":false,"showFlares":false,"showImageEffects":false,"showParticleSystems":false,"showVisualEffectGraphs":true,"m_FxEnabled":true},"in2DMode":false,"pivot":{"x":3.5762786865234377e-7,"y":0.9199804067611694,"z":-0.04994770884513855},"rotation":{"x":-0.03834981843829155,"y":-0.9616076946258545,"z":0.1887480765581131,"w":-0.19564564526081086},"size":1.3940751552581788,"orthographic":false}